t,f01,f02,f03,f04,f05,f06,f07,f08,f09,f10,f11,f12,f13,f14,f15,f16,f17,f18,f19,f20,f21,f22,f23,f24,f25,f26,f27,f28,f29,f30,f31,f32,f33,f34,f35,f36,f37,f38,f39,f40,f41,f42,f43,f44,f45,f46,f47,f48,raw01,raw02,raw03,raw04,raw05,raw06,raw07,raw08,raw09,raw10,raw11,raw12,raw13,raw14,raw15,raw16,raw17,raw18,raw19,raw20,chan_1,chan_2,chan_3,chan_4,chan_5,det_class,det_conf,amp_1,amp_2,amp_3,amp_4,amp_5,mit_1,mit_2,mit_3,mit_4,mit_5,mit_6
0.6,-0.154384254895345,332.041683749132,-0.000464954439310659,-0.0143017475050799,29.4905395997866,42.6277740551419,-42.3551082441339,0.272665811008054,0.00201154737337979,0.0281751317502386,41.6834985332747,0.999371177292551,0.14015451750476,-0.000343103338450903,0.00343305445896513,400.169243834022,21.7064554589156,0.169243834022154,46.6177178710906,43.4699143837941,49.7532606132596,0,0.516943221334713,0.0469188128054153,345,20,0.862447163581879,0,20,0,0,6919.48984964617,6900,0.997183340091587,0.000361824050312043,-0.124829297357678,0.522262619951221,0.0404089191713055,-0.022450622127554,0.11538314595672,0,0,7.3973170259034e-05,0.118703465432888,0.0110344328020606,-2.61037128926667,-0.000388713759152837,0,-7.34674072265625,-7.4888916015625,-4.66522216796875,-10.6634521484375,-10.5546875,0,0,0,0,0,0,0,0,0,0,0.57684326171875,-0.4326171875,0.520965576171875,-0.0736083984375,-0.2718505859375,0,0,0,0,0,0,0.1,0,-0,0,-0,-0,0,0,1,333.855915423458,0,0
0.62,0.0835895864349799,331.678879451078,0.00025201962384014,-0.108655815841103,29.33056021628,42.289479345425,-42.342003994629,-0.0525246492039884,0.000469967614783091,0.0277999059315879,41.4577737284277,0.999413073834952,0.141323037414509,-0.00262087917582987,0.00371760429474843,400.00188891523,21.5512603833613,0.00188891523032453,46.3982820495354,43.4131885792145,49.4897168723529,0,0.51284841707188,0.0420462240776913,345,20,0.86280295697037,0,20,0,0,6874.67943557157,6900,1.00368316292647,0.000355978405200519,-0.122812549794162,-0.16735491879183,-0.219435821555209,-0.159979383506585,-0.0943540683360232,0,0,0.0064998228348786,0.231164012622381,0.0216789889155786,0.982344272966086,0.010404557002614,0,-8.1976318359375,-7.8558349609375,-6.30291748046875,-13.0216674804688,-11.1773681640625,0,0,0,0,0,0,0,0,0,0,-0.08880615234375,-0.57879638671875,0.325469970703125,-0.30316162109375,-0.42529296875,0,0,0,0,0,0,0.1,-0,-0,0,-0,-0,0,0,1,331.82575054787,0,0
0.64,-0.0470372908926544,331.812822069628,-0.000141758508906519,-0.0816218173068082,29.5397996241176,42.603812002394,-42.7685892364436,-0.164777234049652,0.00143979481882304,0.0291011796144221,41.7518817678337,0.999385065072617,0.140035090388928,-0.0019549254752319,0.0051180889540321,399.863500422108,21.8421775397193,-0.136499577892266,46.6574138787655,43.5423819268519,49.7863913912763,0,0.51226611119363,0.0419260526311194,345,20,0.863109320472016,0,20,0,0,6926.041107997,6900,0.99624011645456,0.000364968495324414,-0.12591413088694,-0.138388493122591,0.259131829230157,0.209239407837554,0.0270339985342948,0,0,-0.00744304647190519,0.10812401232792,0.0100149291503048,2.91040491935634,-0.0105243778473129,0,-8.59600830078125,-9.06610107421875,-5.90283203125,-12.5324096679688,-8.90032958984375,0,0,0,0,0,0,0,0,0,0,0.07489013671875,-0.43798828125,0.419281005859375,-0.37152099609375,-0.00787353515625,0,0,0,0,0,0,0.1,0,-0,0,-0,-0,0,0,1,332.72475567756,0,0
0.66,-0.00524834435784825,331.655093423625,-1.58247060332178e-05,-0.0645758437780852,29.4730443341008,42.4604636424512,-42.4893749287324,-0.0289112862812502,0.00107240948735713,0.0279182815321194,41.6588810414101,0.999375559868313,0.139923767273965,-0.00155010989646829,0.00402063171460476,400.108624002754,21.6468546442333,0.108624002754084,46.5686255671458,43.5277899264412,49.6248806551705,0,0.512448768019771,0.0416600161910097,345,20,0.862576480287134,0,20,0,0,6907.40328173999,6900,0.998928210582469,0.000360256883547017,-0.124288624823748,0.24512358064635,-0.0887883116197656,-0.0667552900167649,0.0170459735287231,0,0,0.0026880941279086,0.0763777430658571,0.00711618973446004,1.7929169665007,0.00010887927176062,0,-8.43756103515625,-8.6207275390625,-6.21282958984375,-12.976806640625,-10.3743896484375,0,0,0,0,0,0,0,0,0,0,-0.06365966796875,-0.50970458984375,0.354461669921875,-0.349365234375,-0.26849365234375,0,0,0,0,0,0,0.1,-0,-0,0,-0,-0,0,0,1,333.457195995829,0,0
0.68,0.0756984548402474,331.498451000481,0.000228352363674054,-0.0457780589409432,29.4146837339007,42.5075843274943,-42.3546854355584,0.152898891935862,0.00107247194397398,0.0289699111214681,41.5758378046894,0.999399582636138,0.137771507807317,-0.00110107363695218,0.00309151483214265,400.079329377163,21.5666841020759,0.0793293771627077,46.3864974359253,43.4078751720977,49.426274667155,0,0.51700084021957,0.0456090468134318,345,20,0.862638019293993,0,20,0,0,6890.66817645531,6900,1.00135426976103,0.000358377548941302,-0.123640254384782,-0.0292946255913762,-0.182128131220452,-0.0583606002001318,0.018797784837142,0,0,0.00242605917856442,0.115904955112392,0.0108289266159112,1.00500897739274,-8.27642694669617e-05,0,-8.672607421875,-8.162109375,-6.43963623046875,-13.1312255859375,-11.091796875,0,0,0,0,0,0,0,0,0,0,-0.10821533203125,-0.53271484375,0.432159423828125,-0.275634765625,-0.406982421875,0,0,0,0,0,0,0.1,-0,-0,0,-0,-0,0,0,1,333.208609341749,0,0
0.7,-0.0747254050830814,331.664692480479,-0.000225304069975672,-0.100686936239559,29.4903083301655,42.3198696094969,-42.5478915666633,-0.22802195716644,0.00275210402125265,0.0283491056857987,41.6826846113638,0.999372964212865,0.13817836107952,-0.00241555785521812,0.00342003041046945,399.889481804247,21.7796291470478,-0.1105181957534,46.4929963887686,43.3989852305791,49.6297969191027,0,0.516377167651383,0.0459572598510981,345,20,0.863050550474613,0,20,0,0,6911.52921998882,6900,0.998331885806765,0.000361847536703763,-0.124837400162789,-0.189847572916108,0.106498952843296,0.0756245962647633,-0.0549088772986162,0,0,-0.00302238395426879,0.12830680368428,0.011934983151984,2.05817125703829,-0.000213159279978559,0,-8.2994384765625,-8.7542724609375,-6.0382080078125,-12.934814453125,-10.1465454101562,0,0,0,0,0,0,0,0,0,0,-0.02447509765625,-0.506591796875,0.346771240234375,-0.36175537109375,-0.231689453125,0,0,0,0,0,0,0.1,-0,-0,0,-0,-0,0,0,1,333.611928457898,0,0
0.72,34.0008561877083,331.464101260803,0.102577793668689,-8.30412965112635,33.3580395250565,36.3561241764893,-56.8148716570523,-20.458747480563,0.0583733527476064,0.0309346035591903,45.5249085828977,0.997271034106043,0.249221464875427,-0.182408486027053,0.0146530358950274,396.740467245504,41.2369727206128,-3.25953275449569,50.2252736559451,43.5323863501287,57.6764261432287,0,0.504491469847767,0.0400019926176416,345,20,0.870197607679354,0,20,0,0,7258.6763580888,6900,0.950586533908609,0.000703204251092604,-0.242605466626912,-3.14901455874229,3.73227726717651,3.867731194891,-8.20344271488679,0,0,-0.0477453518981553,7.85219567184734,0.627866477840518,1.98039233045295,-0.0167925120788304,0,-3.25390625,4.87445068359375,-5.14923095703125,-4.543701171875,-0.74798583984375,0,0,0,0,0,0,0,0,0,0,0.98907470703125,0.81396484375,1.60171508789062,0.0648193359375,-0.1253662109375,0,0,0,0,0,0,0.1,0,0,0,0,-0,0,0,1,332.25309310372,0,0
0.74,33.9725075848021,331.466919400172,0.102491396867836,-7.05204369792508,29.6140266405155,33.3881915976351,-49.5031511918088,-16.1149595941737,0.0337393970003711,0.0324544503632476,40.5783862828736,0.997807354533103,0.26871240620393,-0.173788175033995,-0.00735735211323529,404.367378174349,33.8439851636254,4.36737817434857,45.5946181585976,39.916209596684,49.5842592247904,0,0.513760584005679,0.0395621500009947,345,20,0.853625931034566,0,20,0,0,6484.27570261391,6900,1.06411268065275,0.00051733238865137,-0.178479674084713,7.62691092884427,-4.63065549734748,-3.74401288454098,1.25208595320127,0,0,0.113526146744144,8.17030832280252,0.81244013760779,1.45262889148316,-0.00948442902840341,0,-3.941162109375,4.5142822265625,-4.63482666015625,-5.68048095703125,-0.464599609375,0,0,0,0,0,0,0,0,0,0,1.26922607421875,0.89996337890625,1.61624145507812,-0.43280029296875,-0.0255126953125,0,1,0,0,1,0,0.1,0,0.89996337890625,0,-0,-0.0255126953125,0,0,1,335.74925512344,0,0
0.76,34.0062815969561,331.391157324102,0.102616744126633,-8.61770599590183,30.1358491868985,30.3811567520709,-52.8524513436704,-22.4712945915995,0.083099761114963,0.0270435593651129,40.6321851026535,0.997525022695164,0.264023723647416,-0.212090636379264,-0.00711500062150527,398.088820806095,39.1949813983967,-1.91117919390541,44.8545061843107,39.2424700345854,52.448832279525,0,0.506742619222064,0.0404550146362672,345,20,0.867255086100741,0,20,0,0,6437.59103380539,6900,1.07182950326704,0.0007088538084985,-0.244554563931956,-6.27855736825398,-0.740111974286954,0.521822546383028,-1.56566229797675,0,0,0.00771682261428897,10.766047906754,1.03872246095092,1.49749671843104,-0.0130679924775395,0,-3.73187255859375,4.4085693359375,-4.304443359375,-4.34918212890625,-0.09033203125,0,0,0,0,0,0,0,0,0,0,1.07330322265625,0.88299560546875,1.31790161132812,-0.32720947265625,0.0009765625,0,1,0,0,1,0,0.1,0,0.88299560546875,0,-0,0.0009765625,0,0,1,336.631367296669,0,0
0.78,34.0205122766954,331.222515224184,0.102711955597792,-0.413286815217771,27.5868027802645,39.3732082210613,-40.3627418748115,-0.9895336537502,0.00460304742606365,0.0202333860245231,38.974797167694,0.998988199792031,0.186297072333961,-0.010603950379512,-0.000872448880437915,401.170065546754,25.8052558948755,1.17006554675368,45.3554705024076,42.0540755585088,48.2958331311054,0,0.517006327500873,0.0470253970085018,345,20,0.860262719645241,0,20,0,0,6441.16358936246,6900,1.07123501899491,0.000323627905825408,-0.111651627509787,3.08124474065909,0.500964318096912,-2.54904640663403,8.20441918068406,0,0,-0.000594484272134599,3.03163760319164,0.316108502136689,0.727397513479209,0.0053836296666131,0,-5.295654296875,3.84814453125,-4.7811279296875,-10.002197265625,-2.9044189453125,0,0,0,0,0,0,0,0,0,0,0.59832763671875,0.89324951171875,1.43411254882812,-0.06951904296875,-0.58526611328125,0,1,0,0,1,0,0.1,0,0.89324951171875,0,-0,-0.58526611328125,0,0,1,337.733345344223,0,0
0.8,33.9500593626668,331.300331025176,0.102475174889236,-0.142097207370517,30.7438511408561,43.9804363216313,-44.7031831303737,-0.722746808742492,0.0105400078638291,0.0282813676974492,43.4445340931194,0.999196526378797,0.142867139380365,-0.0032707729599757,0.00232571804678416,398.264746740649,26.730762161678,-1.735253259351,48.4958038088112,43.883123497552,52.1893219715933,0,0.511280550184351,0.0448235467926831,345,20,0.866630821311791,0,20,0,0,7191.72546852881,6900,0.959435955973931,0.000430448021394136,-0.148504567380996,-2.90531880610467,3.14033330640364,3.15704836059158,0.271189607847253,0,0,-0.111799063020977,1.7556895196638,0.1526029608331,-2.68530702660395,-0.0135200024463301,0,-6.43060302734375,5.14361572265625,-5.27154541015625,-13.1173095703125,-6.97222900390625,0,0,0,0,0,0,0,0,0,0,-0.1849365234375,0.8663330078125,1.45333862304688,0.3526611328125,-0.59417724609375,0,1,0,0,0,0,0.1,-0,0.8663330078125,0,0,-0,0,0,1,332.539797393499,0,0
0.82,34.0446463292204,331.150867620875,0.10280705762244,0.208584168559275,29.2085447773551,42.6766546927247,-41.4114129360253,1.26524175669938,0.00859603498998206,0.0248767126948069,41.2806125833542,0.999319353346338,0.147856314515326,0.00505283607742255,0.00281205930478823,401.827244344427,21.4256524188834,1.82724434442707,46.6681579724713,42.7260295849,50.3788405127838,0,0.519676849176878,0.0480601965062101,345,20,0.858869165690146,0,20,0,0,6842.30938874559,6900,1.00843145318002,0.000339217685995319,-0.117030101668377,3.56249760377807,-1.82764583633992,-1.53530636350101,0.350681375929793,0,0,0.0489954972060879,0.377480661899279,0.0361298280126319,-0.36921484447454,0.000187977576808884,0,-5.85357666015625,4.976318359375,-6.627685546875,-10.3104858398438,-6.42181396484375,0,0,0,0,0,0,0,0,0,0,-0.080078125,0.8583984375,1.46835327148438,0.44366455078125,-0.635009765625,0,1,0,0,0,0,0.1,-0,0.8583984375,0,0,-0,0,0,1,332.781952751807,0,0
0.84,34.0056402124093,331.088317863927,0.102708668284651,-0.358222696374907,29.2084320249379,41.5180933869413,-42.5726447959842,-1.05455140904294,0.00751021076736454,0.0242602969979831,41.2792445337732,0.999327192897962,0.138011450099368,-0.00867803421358212,0.00292772616292103,399.588676626577,22.4462779570789,-0.411323373423386,45.9671076702448,42.6346031366743,49.3875069557611,0,0.516914345502078,0.0486776878355833,345,20,0.863689851878907,0,20,0,0,6821.52923036744,6900,1.01150339857568,0.000349811385787158,-0.12068492809658,-2.23856771785046,-0.701050302226534,-0.00011275241717712,-0.566806864934182,0,0,0.0030719453956598,0.797985941326815,0.0757964549392786,1.17416380841764,0.000247542927722111,0,-5.173583984375,4.6141357421875,-6.58087158203125,-7.38568115234375,-5.2022705078125,0,0,0,0,0,0,0,0,0,0,-0.0987548828125,0.8292236328125,1.23489379882812,0.39453125,-0.550048828125,0,1,0,0,0,0,0.1,-0,0.8292236328125,0,0,-0,0,0,1,331.349085500949,0,0
0.86,33.9905585867481,331.100037505857,0.102659482743631,-0.123829122087638,29.778981287949,42.8988072231555,-43.0691876784155,-0.17038045526003,0.00326086740603228,0.0264098984020304,42.0865450340972,0.999269236330773,0.140185208042644,-0.00294224964266645,0.0019865992079473,399.60706694616,22.5119180650513,-0.392933053839954,46.987524382207,43.6606785072016,50.2042717834954,0,0.517310737367156,0.0485952992016684,345,20,0.863667479363422,0,20,0,0,6963.44064081581,6900,0.990889469144901,0.000369936942609339,-0.127628245200242,0.0183903195834318,1.02041671196225,0.570549263011095,0.234393574287269,0,0,-0.020613929430778,0.348252645438942,0.0320795882563204,-2.96987368297686,-0.0018458024014274,0,-7.072265625,5.1661376953125,-6.07733154296875,-14.3231811523438,-8.09814453125,0,0,0,0,0,0,0,0,0,0,-0.034912109375,0.89202880859375,1.65878295898438,0.50665283203125,-0.70062255859375,0,1,0,0,0,0,0.1,-0,0.89202880859375,0,0,-0,0,0,1,332.042911961892,0,0
0.88,34.0349040096554,330.963810769065,0.102835726753835,-0.0562440796310683,29.4427215964753,42.3495411992811,-42.1860623955822,0.16347880369883,0.00165315503090586,0.0232798795596882,41.6151058141651,0.999284109864492,0.144262726275007,-0.00135153037654716,0.00247048923835269,400.295117782176,21.4194579124414,0.295117782175964,46.7028239526652,43.6471676708405,49.7761189254542,0,0.518396831861334,0.0488107091332425,345,20,0.862167742408095,0,20,0,0,6884.88143432708,6900,1.00219590792044,0.000352284044177198,-0.121537995241113,0.688050836015918,-0.28470042954185,-0.336259691473661,0.0675850424565698,0,0,0.0113064387755381,0.112879585345529,0.0106318202466526,1.16406967663352,-0.000190521137237942,0,-5.411865234375,4.5439453125,-6.8497314453125,-7.990478515625,-5.5972900390625,0,0,0,0,0,0,0,0,0,0,-0.1041259765625,0.8179931640625,1.34347534179688,0.41162109375,-0.58721923828125,0,1,0,0,0,0,0.1,-0,0.8179931640625,0,0,-0,0,0,1,332.171207571098,0,0
0.9,33.9609185234998,330.976967194083,0.102608102344431,-0.177271066358943,29.4760178343779,42.2447402138096,-42.3947939157179,-0.15005370190832,0.000686369496590266,0.024384557189155,41.6605248873437,0.999276342954096,0.142739164821071,-0.00425513281069575,0.0022576716656002,399.892328891397,21.6559565351334,-0.107671108602972,46.6344807052182,43.5561783081636,49.7799860672518,0,0.51764069969542,0.0487501149705051,345,20,0.863039118364734,0,20,0,0,6888.49595061078,6900,1.00167003791128,0.000355718745657096,-0.122722967251718,-0.402788890778936,-0.068343247446947,0.0332962379025687,-0.121026986727875,0,0,-0.000525870009157714,0.219113706376204,0.0205606954798485,1.33731999438731,0.000235172157520114,0,-5.29931640625,4.49505615234375,-6.76800537109375,-7.58477783203125,-5.3919677734375,0,0,0,0,0,0,0,0,0,0,-0.11895751953125,0.81719970703125,1.29879760742188,0.41326904296875,-0.560546875,0,1,0,0,0,0,0.1,-0,0.81719970703125,0,0,-0,0,0,1,331.884416049112,0,0
0.92,34.0612734457163,330.857464302635,0.102948481206277,-0.148307526707625,29.5704515241196,42.2202986536459,-42.7067747091203,-0.486476055474384,0.0031861302953322,0.025069540269364,41.7944623122027,0.99932220860548,0.144672997826356,-0.00354849706163879,0.00172358729230648,399.861391386707,21.8244009653485,-0.138608613292945,46.8896856176451,43.8035549544334,50.0469231610521,0,0.517893287857118,0.0482996542123302,345,20,0.863108674575128,0,20,0,0,6909.22979817829,6900,0.998664135012454,0.000358943575499149,-0.123835533547208,-0.0309375046899731,0.255204912426862,0.0944336897416669,0.0289635396513186,0,0,-0.00300590289882641,0.173736561333544,0.0162290349904159,1.90954975980241,-0.00137210069228644,0,-5.0533447265625,4.35516357421875,-6.6412353515625,-7.21075439453125,-4.99822998046875,0,0,0,0,0,0,0,0,0,0,-0.10089111328125,0.8037109375,1.25039672851562,0.38360595703125,-0.53399658203125,0,1,0,0,0,0,0.1,-0,0.8037109375,0,0,-0,0,0,1,332.50819577755,0,0
0.94,33.9809731612586,330.865851430287,0.102703174154612,-0.0718051103114974,29.59767818775,42.3972344515036,-42.6177498617342,-0.220515410230654,0.00286593462876287,0.0220924987306879,41.8361255045721,0.999337629347563,0.139472980155191,-0.00171634226270906,0.00457502100872764,400.230564924456,21.5983734192034,0.230564924455678,46.7613048036731,43.5993681955672,49.869141356647,0,0.513343095278897,0.0437047757932648,345,20,0.862310470781892,0,20,0,0,6918.78680664137,6900,0.997284667505099,0.000356541626985285,-0.123006861309932,0.369173537748622,-0.128380813971987,0.0272266636304828,0.0765024163961273,0,0,-0.00137946750735574,0.13407103323808,0.0125534888449082,-3.13504681678488,-0.0107815276490496,0,-7.38226318359375,5.07763671875,-6.2481689453125,-14.5734252929688,-8.22222900390625,0,0,0,0,0,0,0,0,0,0,-0.019775390625,0.890625,1.73812866210938,0.51531982421875,-0.70379638671875,0,1,0,0,0,0,0.1,-0,0.890625,0,0,-0,0,0,1,331.153995180819,0,0
0.96,33.9976117453944,330.807948421826,0.102771447625686,-0.15962338109023,29.3756142023916,42.0959089270523,-42.4362239147036,-0.340314987651254,0.00130596750705309,0.0246178848763049,41.5184476918728,0.999314282128689,0.142177676222809,-0.00384463750366746,0.00317296859429517,399.997391046293,21.5909065275967,-0.00260895370723802,46.4746314026478,43.4868143411941,49.5803101352086,0,0.508444977001991,0.0390862042595186,345,20,0.862808804600417,0,20,0,0,6862.17512401115,6900,1.00551208258392,0.000351509599818778,-0.121270811937507,-0.233173878162916,-0.28667340102534,-0.222063985358442,-0.0878182707787328,0,0,0.00822741507881763,0.332773751899715,0.0314177722169665,1.05837317869531,-0.000368597856343689,0,-5.39556884765625,4.40380859375,-6.82354736328125,-7.81884765625,-5.4324951171875,0,0,0,0,0,0,0,0,0,0,-0.08251953125,0.813720703125,1.33798217773438,0.39324951171875,-0.56732177734375,0,1,0,0,0,0,0.1,-0,0.813720703125,0,0,-0,0,0,1,331.477069408689,0,0
0.98,34.0432064281883,330.752020146526,0.102926677252362,-0.122162884166954,29.6779643049126,42.831081741518,-42.666988275945,0.164093465573032,0.00251533491145191,0.0257665601539777,41.9442997082192,0.999277067449433,0.138773173445383,-0.00291250265272674,0.00199055844122586,399.86454258264,21.9552544157761,-0.135457417359703,46.7954856321266,43.6887147121265,49.9182264435094,0,0.508093293070692,0.038448355336613,345,20,0.863105121643441,0,20,0,0,6932.61420854334,6900,0.995295539667684,0.000362709178807208,-0.125134666688496,-0.132848463652465,0.320854229478776,0.302350102520997,0.0374604969232762,0,0,-0.0102165429162319,0.193089817661321,0.0179442802580546,2.97975458880207,-0.00103771105590278,0,-4.6319580078125,4.127197265625,-6.63055419921875,-6.43414306640625,-4.3646240234375,0,0,0,0,0,0,0,0,0,0,-0.1749267578125,0.81072998046875,1.12911987304688,0.2984619140625,-0.39447021484375,0,1,0,0,0,0,0.1,-0,0.81072998046875,0,0,-0,0,0,1,331.396135819762,0,0
1,33.9553553248192,330.751473511352,0.102661236741713,-0.116564642834557,29.4667990361485,42.1807182877724,-42.5348846890435,-0.354166401271165,0.00277913659058515,0.0242785305646483,41.6476049269417,0.999276753214652,0.142994583992661,-0.00279883184252815,0.002610500348458,400.078153851422,21.5260818587675,0.0781538514217459,46.655504254344,43.6999796666389,49.7165153319156,0,0.508559425916323,0.0390550027770572,345,20,0.862636459615517,0,20,0,0,6883.76119467553,6900,1.00235900184002,0.000353629588123683,-0.122002207902653,0.213611268781449,-0.139981377782554,-0.211165268764088,0.00559824133239739,0,0,0.00706346217233145,0.215717813750132,0.0202933802474116,1.3702442168952,-0.000441506778970591,0,-5.27044677734375,4.30584716796875,-6.79376220703125,-7.54925537109375,-5.21319580078125,0,0,0,0,0,0,0,0,0,0,-0.0703125,0.8026123046875,1.32009887695312,0.383544921875,-0.5601806640625,0,1,0,0,0,0,0.1,-0,0.8026123046875,0,0,-0,0,0,1,331.616201246649,0,0
1.02,0.227172711466715,330.401213479493,0.000687566214041203,-0.298412223413788,29.5771995268942,42.0903946034818,-42.6673491465357,-0.576954543053915,0.00435492134471366,0.0273129706122794,41.7977072962696,0.999545055232515,0.139578708793847,-0.00713944000082562,0.00996947643485369,399.823033401708,21.9600532212614,-0.176966598291528,46.8094039500365,43.7032248950246,50.0157392238394,0,0.519078016773417,0.0462610329643899,345,20,0.863191569729027,0,20,0,0,6905.15105821414,6900,0.999254026715604,0.000359048741571222,-0.123871815842051,-0.255120449713274,0.153899695692509,0.110400490745644,-0.181847580579232,0,0,-0.00310497512441155,0.311794651826269,0.0291322916910817,1.32508787737602,0.00886285058747516,0,-8.37646484375,-7.65728759765625,-6.2791748046875,-12.6013793945312,-10.7379150390625,0,0,0,0,0,0,0,0,0,0,-0.22198486328125,-0.53839111328125,0.411712646484375,-0.16204833984375,-0.43267822265625,0,0,0,0,0,0,0.1,-0,-0,0,-0,-0,0,0,1,331.675778500478,0,0
1.04,-0.0189837042857778,330.672860490006,-5.74093206731476e-05,-0.0179806371826863,29.5807469488035,42.443485140382,-42.5366269191104,-0.0931417787283948,0.002077432789259,0.0232006843777779,41.8114432956676,0.999288177766216,0.142081292009296,-0.000430041054922145,0.00345443916845634,400.156347936018,21.5427900335827,0.156347936018221,46.7906356555709,43.7541253091986,49.8599933714295,0,0.514069938017052,0.0414280560051951,345,20,0.862470344896711,0,20,0,0,6913.12574881406,6900,0.998101329370971,0.000356473672422863,-0.122983416985903,0.33331453430975,-0.0187682944656089,0.00354742190931034,0.280431586231102,0,0,-0.00115269734463352,0.0475721027044239,0.00445548766160828,2.45830828100665,-0.010515360911681,0,-8.95587158203125,-8.6375732421875,-6.23968505859375,-12.8567504882812,-10.0693969726562,0,0,0,0,0,0,0,0,0,0,-0.09674072265625,-0.51031494140625,0.481109619140625,-0.2548828125,-0.18060302734375,0,0,0,0,0,0,0.1,-0,-0,0,-0,-0,0,0,1,330.957125995003,0,0
1.06,0.00306778255320239,330.564092940881,9.28044702589958e-06,-0.0965765270133974,29.5076850904107,42.2929990767389,-42.4175776201073,-0.124578543368436,0.00211032529465482,0.0250369812152929,41.7065577074602,0.999323133091298,0.138737539472561,-0.00231561970879516,0.00288167905809722,400.086838360509,21.5096115187449,0.0868383605086933,46.5610093489169,43.5966462024485,49.5906981558581,0,0.519458389326662,0.0466551278491424,345,20,0.86261867906451,0,20,0,0,6893.47712901425,6900,1.00094623814131,0.000354724688805597,-0.122380017637965,-0.0695095755095281,-0.229626306654026,-0.0730618583927551,-0.0785958898307111,0,0,0.00284490877034305,0.145137624341188,0.0136304569567641,1.45303223358191,-0.000141898725865675,0,-8.7239990234375,-8.12994384765625,-6.52410888671875,-12.8649291992188,-10.8104858398438,0,0,0,0,0,0,0,0,0,0,-0.1680908203125,-0.52447509765625,0.403656005859375,-0.16619873046875,-0.398193359375,0,0,0,0,0,0,0.1,-0,-0,0,-0,-0,0,0,1,330.404390952967,0,0
1.08,0.0334080585564628,330.535621107512,0.000101072490899842,-0.134410098961593,29.5626424703084,42.549254062947,-42.8398696436979,-0.29061558075086,0.00242895736982046,0.027516346682527,41.7837873388776,0.999342538340489,0.139054610508369,-0.00321680028360023,0.00320345100043351,399.89091048124,21.7678618681708,-0.109089518759959,46.6379977634847,43.5697350688899,49.7842847070681,0,0.513928680831591,0.0414648398017902,345,20,0.863045976406319,0,20,0,0,6905.47381522095,6900,0.999207322282668,0.000360119687807359,-0.124241292293505,-0.195927879268652,0.0769884145678148,0.0549573798976759,-0.0378335719481956,0,0,-0.00173891585864638,0.167187129674687,0.0155907307672318,1.62325640043336,-0.0104899407447029,0,-8.71240234375,-7.9832763671875,-6.13641357421875,-12.52197265625,-10.2222290039062,0,0,0,0,0,0,0,0,0,0,-0.20367431640625,-0.4573974609375,0.497711181640625,-0.16845703125,-0.3160400390625,0,0,0,0,0,0,0.1,-0,-0,0,-0,-0,0,0,1,330.679274826699,0,0
1.1,-0.0288686604684099,330.570108720941,-8.73299179411898e-05,-0.103050009347169,29.5952624911792,42.4977822212684,-42.7112966964004,-0.213514475131944,0.00150886274809423,0.0277962875344424,41.8317668398211,0.999386049042,0.139326897062992,-0.00246343908307196,0.00396229112631774,399.985172594493,21.7675086925056,-0.0148274055071056,46.730248418541,43.723643282889,49.8204939530268,0,0.519002353837951,0.0464597290251547,345,20,0.862843299609972,0,20,0,0,6913.66240656352,6900,0.998023853963342,0.000360945265207135,-0.12452611649644,0.0942621132528529,0.0922506550562971,0.0326200208708194,0.031360089614424,0,0,-0.00118346831932503,0.100733256289723,0.00937964971230344,1.8376914933374,-0.000161161892396344,0,-8.4344482421875,-8.25335693359375,-6.3170166015625,-12.8219604492188,-10.5447998046875,0,0,0,0,0,0,0,0,0,0,-0.15777587890625,-0.524169921875,0.363861083984375,-0.21270751953125,-0.3369140625,0,0,0,0,0,0,0.1,-0,-0,0,-0,-0,0,0,1,330.961731261254,0,0
1.12,-0.0148932560994223,330.507586064572,-4.50617678001272e-05,-0.0607542833910541,29.5122770184202,42.507897512489,-42.5110413706778,-0.00314385818881391,0.00125157060508208,0.0283730655362844,41.7137586167736,0.999412761478202,0.139771553205095,-0.00145645670411067,0.0041206541167349,400.069105860625,21.5010707999903,0.0691058606246884,46.6361334058645,43.6513286145446,49.6673222838994,0,0.519677712935351,0.0469413241029502,345,20,0.862660040546187,0,20,0,0,6892.83268493289,6900,1.00103982141954,0.000358350965226517,-0.123631083003147,0.083933266131794,-0.0941150126765251,-0.0829854727589954,0.042295725956115,0,0,0.00301596745619881,0.080712803625564,0.00754132086303756,1.23088972561937,0.00034118207049505,0,-8.7564697265625,-7.943115234375,-6.55841064453125,-12.8603515625,-11.0127563476562,0,0,0,0,0,0,0,0,0,0,-0.19622802734375,-0.5072021484375,0.393463134765625,-0.15264892578125,-0.45654296875,0,0,0,0,0,0,0.1,-0,-0,0,-0,-0,0,0,1,330.530601853739,0,0
1.14,-0.0723178838371058,330.627696989123,-0.000218729055356439,-0.103999346107717,29.5847496599708,42.6421694838139,-42.7505784626464,-0.108408978832429,0.00138701649188789,0.0284852671556072,41.8164463891336,0.999396786840568,0.139029725117,-0.00248704409599813,0.00239025274265892,399.929167274321,21.7645379184606,-0.0708327256787129,46.699653778339,43.652236732493,49.8155837011004,0,0.518739242384131,0.0465799287366165,345,20,0.862964756819466,0,20,0,0,6912.15389016293,6900,0.998241663835027,0.000361671251872586,-0.124776581896072,-0.139938586303401,0.0635203724745423,0.0724726415506076,-0.043245062716663,0,0,-0.00279815758451396,0.109688166377307,0.0102048469732422,1.97135094195462,-2.6029684386808e-06,0,-8.513671875,-8.35418701171875,-6.3548583984375,-12.88330078125,-10.5797729492188,0,0,0,0,0,0,0,0,0,0,-0.131103515625,-0.52435302734375,0.345062255859375,-0.20892333984375,-0.317626953125,0,0,0,0,0,0,0.1,-0,-0,0,-0,-0,0,0,1,330.908983935239,0,0
1.16,-0.0872622047824845,330.576433320818,-0.000263969829627262,-0.0690637614564645,29.5498050253252,42.4615834646923,-42.7634844645216,-0.301900999829336,0.00162680681232228,0.0281365763872035,41.7669249096197,0.999418187615283,0.138936851638437,-0.00165355150291559,0.00427307235469332,400.056267483984,21.6348662503752,0.0562674839838451,46.6647614988407,43.7007690338675,49.721913914212,0,0.519585705687031,0.0468877800189886,345,20,0.862688407568748,0,20,0,0,6902.99186716843,6900,0.999566583993434,0.000359142996101847,-0.123904333655162,0.127100209662558,-0.0348922794982798,-0.0349446346456617,0.0349355846512526,0,0,0.00132492015840668,0.105510652023579,0.00984779729443611,1.66924795740097,0.000734777981279744,0,-8.492919921875,-8.259033203125,-6.32635498046875,-12.9039306640625,-10.7433471679688,0,0,0,0,0,0,0,0,0,0,-0.16448974609375,-0.530029296875,0.365997314453125,-0.213623046875,-0.37628173828125,0,0,0,0,0,0,0.1,-0,-0,0,-0,-0,0,0,1,330.545168308492,0,0
1.18,-0.041670982414818,330.561243376577,-0.00012606130709445,-0.132421892137081,29.5463702511635,42.4770453049798,-42.7319249169367,-0.254879611956895,0.00260565511541688,0.0284983120284923,41.7620078217039,0.999435536907801,0.139521932030084,-0.00317086986579848,0.00421938189927662,399.956921478711,21.7303935395756,-0.0430785212891465,46.6772081942823,43.6496453902472,49.7910754971651,0,0.51948499103003,0.0471079659614552,345,20,0.862903650430102,0,20,0,0,6901.83786711942,6900,0.999733713373916,0.000360253793523002,-0.124287558765445,-0.0993460052729915,0.0124466954415325,-0.0034347741616223,-0.0633581306806168,0,0,0.00016712938048169,0.156645315225426,0.014602275453628,1.77167222964546,0.000442071726773574,0,-8.4593505859375,-8.2176513671875,-6.30352783203125,-12.8067016601562,-10.5244140625,0,0,0,0,0,0,0,0,0,0,-0.15362548828125,-0.519287109375,0.375762939453125,-0.201171875,-0.3458251953125,0,0,0,0,0,0,0.1,-0,-0,0,-0,-0,0,0,1,330.251016194411,0,0
1.2,-0.102751330458706,330.655512298265,-0.000310750393194775,-0.119230492488807,29.5683820510169,42.5366484955217,-42.7616759152308,-0.225027419709107,0.000984652284903083,0.029382011704802,41.7920741878005,0.999416194765749,0.139375303790687,-0.00285294508123772,0.00357207276221239,400.001512311355,21.7310394039851,0.00151231135458829,46.7057692344826,43.7162393355397,49.8020307974501,0,0.519207559408876,0.0467891705268548,345,20,0.86280793794137,0,20,0,0,6908.75512105214,6900,0.998732749837166,0.00036081162547652,-0.124480010789398,0.0445908326437348,0.0285610402003442,0.022011799853356,0.013191399648274,0,0,-0.00100096353674994,0.126682632554243,0.0117983046774506,1.71466586907291,0.000739585345296168,0,-8.42437744140625,-8.31378173828125,-6.3775634765625,-12.7284545898438,-10.5017700195312,0,0,0,0,0,0,0,0,0,0,-0.166259765625,-0.51226806640625,0.372344970703125,-0.21282958984375,-0.3663330078125,0,0,0,0,0,0,0.1,-0,-0,0,-0,-0,0,0,1,330.711733489908,0,0
1.22,-0.0861922304130773,330.615185475442,-0.000260702575682143,-0.111142392401284,29.5215808727912,42.4158350107414,-42.5388108601334,-0.12297584939197,0.00209078764671224,0.028461283938751,41.7269730433593,0.999410026697933,0.141103008885279,-0.00266356230263321,0.00306356524667306,399.995227790764,21.6227159424244,-0.00477220923590949,46.7007931099843,43.6978742702206,49.7845118024248,0,0.519648286595702,0.0472226273711123,345,20,0.862820177184939,0,20,0,0,6897.38688452299,6900,1.00037885586538,0.000359284972629048,-0.12395331555706,-0.00628452059049778,-0.00497612449825624,-0.0468011782256568,0.0080881000875233,0,0,0.0016461060282168,0.12770657420832,0.0119190591130703,1.71409046927007,0.00052308181973415,0,-8.53839111328125,-8.32958984375,-6.47802734375,-12.9337158203125,-10.7517700195312,0,0,0,0,0,0,0,0,0,0,-0.1617431640625,-0.531005859375,0.359954833984375,-0.21173095703125,-0.3621826171875,0,0,0,0,0,0,0.1,-0,-0,0,-0,-0,0,0,1,330.46870405757,0,0
1.24,-0.152873254234643,330.780871750628,-0.00046215868960492,-0.0624500263767451,29.5625159075048,42.6821158573314,-42.5962054639781,0.0859103933533305,0.00139567866321467,0.0290720190972816,41.7841666969521,0.999373679777116,0.139572780161046,-0.00149458589971833,0.00208742782666471,400.042579397839,21.6322548021141,0.0425793978388356,46.6966898898196,43.7352672918758,49.7517998017071,0,0.519029473193651,0.0469812366556152,345,20,0.862719800260133,0,20,0,0,6910.0075566816,6900,0.998551729994575,0.000361316503338704,-0.12465419365185,0.0473516070747451,-0.0041032201647937,0.0409350347135593,0.0486923660245389,0,0,-0.00182712587080736,0.0629492357479824,0.00585754899984512,2.6254415936543,0.000352275131080715,0,-8.74560546875,-8.8154296875,-6.3753662109375,-13.0911865234375,-10.4356689453125,0,0,0,0,0,0,0,0,0,0,-0.03143310546875,-0.56268310546875,0.331878662109375,-0.27264404296875,-0.19305419921875,0,0,0,0,0,0,0.1,-0,-0,0,-0,-0,0,0,1,331.020174563266,0,0
1.26,-0.151032053443502,330.736583919891,-0.000456653605275443,-0.110037198224687,29.5021866904068,42.6734902154365,-42.6161010141165,0.057389201320035,0.00161636616675426,0.0289165879554872,41.699048131234,0.999431844844296,0.139260885811223,-0.00263884196776822,0.0034566549565791,400.029636330673,21.5888817069397,0.0296363306731564,46.6049265001832,43.6359650941332,49.6820358169082,0,0.519290716951413,0.0469061319421434,345,20,0.862745171241984,0,20,0,0,6895.15166645236,6900,1.00070315110996,0.000358368399927977,-0.12363709797512,-0.0129430671656792,-0.091763389636391,-0.0603292170979977,-0.0475871718479421,0,0,0.00215142111538946,0.139850340423242,0.0130686775821271,1.49346379831388,0.00115567031811292,0,-8.55047607421875,-8.38543701171875,-6.5863037109375,-12.7578125,-10.7320556640625,0,0,0,0,0,0,0,0,0,0,-0.164794921875,-0.51593017578125,0.328765869140625,-0.2025146484375,-0.3936767578125,0,0,0,0,0,0,0.1,-0,-0,0,-0,-0,0,0,1,330.329044436133,0,0
1.28,-0.108702705539695,330.793460758222,-0.000328612014549906,-0.104451457166114,29.5605171336673,42.5621406980138,-42.8391414938361,-0.277000795822254,0.00292834565409149,0.0290930492236584,41.7812724035257,0.999396909060369,0.140166459761084,-0.00249995874125892,0.00338362650435187,399.923262844343,21.7829540407093,-0.0767371556569287,46.7131370251877,43.6556345473983,49.8372585124392,0,0.514177067113974,0.042297018321774,345,20,0.862977888988489,0,20,0,0,6909.82600762555,6900,0.998577965984281,0.000362125005216596,-0.124933126799704,-0.106373486330085,0.108210525004566,0.0583304432604947,0.00558574105857314,0,0,-0.00212518512568394,0.138867486021289,0.0129121280937515,2.1750604890358,-0.0100900288646328,0,-8.66259765625,-8.57672119140625,-6.13348388671875,-12.5029907226562,-10.0161743164062,0,0,0,0,0,0,0,0,0,0,-0.1165771484375,-0.47222900390625,0.424530029296875,-0.21923828125,-0.21453857421875,0,0,0,0,0,0,0.1,-0,-0,0,-0,-0,0,0,1,330.379659167925,0,0
1.3,-0.20104496532546,330.895736726301,-0.000607577986088572,-0.0904664609638987,29.5135269076684,42.4745827715216,-42.671151099048,-0.196568327526393,0.0017044756024508,0.0293238299443412,41.7141030893072,0.999411000559546,0.141015018816452,-0.00216872602463047,0.004571401914788,400.043526918607,21.5818422500605,0.0435269186069718,46.6938240173355,43.7305457540369,49.7539921130593,0,0.514439721247057,0.0423059337779263,345,20,0.862716176162638,0,20,0,0,6900.83697487113,6900,0.999878714006116,0.000359483599524646,-0.124021841835997,0.120264074263901,-0.0193130078522117,-0.0469902259988757,0.0139849962022154,0,0,0.00130074802183566,0.0970627942195183,0.0090552380843335,1.74409106636918,-0.00847175039257519,0,-8.618408203125,-8.78369140625,-6.34796142578125,-12.6365966796875,-10.4313354492188,0,0,0,0,0,0,0,0,0,0,-0.178955078125,-0.47808837890625,0.389617919921875,-0.24224853515625,-0.30078125,0,0,0,0,0,0,0.1,-0,-0,0,-0,-0,0,0,1,330.849696235219,0,0
