test_id,VARIANT_NAME,THD50_pre_pct,THD50_dur_pct,THD50_post_pct,THD_full_dur_pct,PF_dur,t_rec_ms,trip,I_peak_A,P_charge_dur_kW
E-AC-01a,MPCC_D,5.48114381479807,6.1949430241623,5.49877005955436,6.37153558205093,0.999972174451465,0.0,0,49.6827564091201,6.9
E-AC-01a,MPCC_D_F1,2.74181757272498,4.29040316825429,2.8081338897066,4.54662755462427,0.999987481040004,40.0,0,48.6786759494584,6.9
E-AC-01a,MPCC_D_F10,2.76656486912371,4.28973138754608,2.81810856104999,4.5410986835488,0.999987697852589,0.0,0,48.6705259676942,6.9
E-AC-01a,MPCC_D_H1,2.79819941655603,4.21466231593758,2.85673998984362,4.481169649189,0.999989123423078,40.0,0,48.6787366172975,6.9
E-AC-01a,MPCC_D_M1,3.2245997303564,4.11537849596051,3.24562996571062,4.4256813609709,0.999960612698098,0.0,0,47.5883046742399,6.9
E-AC-01a,MPCC_D_R,2.7759962510072,4.71922155912748,2.81895731219221,4.94486757295067,0.999987293553215,0.0,0,48.8848940855547,6.9
E-AC-01b,MPCC_D,5.48114381479807,8.57454319328935,5.4757082637805,8.83016914816532,0.999995743543377,40.0,0,54.6194115845252,6.9
E-AC-01b,MPCC_D_F1,2.74181757272498,7.77515175107903,2.80445139635974,8.03633331977697,0.999988032340835,60.0000000000001,0,53.7948154132589,6.9
E-AC-01b,MPCC_D_F10,2.76656486912371,7.80004085056978,2.80609010206741,8.05115208711257,0.999984816201224,60.0000000000001,0,53.7154846442932,6.9
E-AC-01b,MPCC_D_H1,2.79819941655603,7.75988881784643,2.8529351959551,8.02705178638487,0.999984147810505,60.0000000000001,0,53.7122722549368,6.9
E-AC-01b,MPCC_D_M1,3.2245997303564,5.96718065915235,3.26267314132379,6.38096583159536,0.999808511781565,60.0000000000001,0,52.2832169819534,6.9
E-AC-01b,MPCC_D_R,2.7759962510072,8.19168424572023,2.82128758130753,8.4335822899745,0.999994438013578,60.0000000000001,0,54.2354521179142,6.9
E-AC-02b,MPCC_D,5.48114381479807,6.47679023058544,5.48253668581168,6.64781348348423,0.999981540110374,0.0,0,51.1314127051775,6.9
E-AC-02b,MPCC_D_F1,2.74181757272498,4.64781313985872,2.80361168026987,4.87913076912303,0.999994870458535,40.0,0,50.2034280669217,6.9
E-AC-02b,MPCC_D_F10,2.76656486912371,4.64932286659947,2.80675761576933,4.87583049030973,0.999995000169552,40.0,0,50.1893717742663,6.9
E-AC-02b,MPCC_D_H1,2.79819941655603,4.75209603275133,2.87409810016795,4.98837241011731,0.999999786844098,40.0,0,50.2723617477292,6.9
E-AC-02b,MPCC_D_M1,3.2245997303564,4.51209477346205,3.31430697164126,4.78246142767065,0.999999089512024,40.0,0,50.0575512271373,6.9
E-AC-02b,MPCC_D_R,2.7759962510072,4.95224496476522,2.82327088294113,5.16171284242094,0.999993039644738,40.0,0,50.3759472587923,6.9
E-AC-02h,MPCC_D,5.48114381479807,21.746791485842,5.48832524379463,21.831862085536,0.999996895958949,0.0,0,50.4952827592706,6.9
E-AC-02h,MPCC_D_F1,2.74181757272498,21.4270640273209,2.80332560316063,21.5041812717123,0.999985680282935,20.0,0,49.972664316768,6.9
E-AC-02h,MPCC_D_F10,2.76656486912371,21.3782977626337,2.79313860001647,21.4515692182496,0.999986540212165,20.0,0,49.9873488246135,6.9
E-AC-02h,MPCC_D_H1,2.79819941655603,21.5552018644484,2.85866491235374,21.6341090276742,0.999967322268214,20.0,0,49.784585686422,6.9
E-AC-02h,MPCC_D_M1,3.2245997303564,22.0015604440796,3.28689442338297,22.0899979720465,0.999998599962447,20.0,0,50.0935099164796,6.9
E-AC-02h,MPCC_D_R,2.7759962510072,21.0631745776776,2.82380679317486,21.1352326277064,0.999995104700228,20.0,0,49.854661021463,6.9
E-AC-02s,MPCC_D,5.48114381479807,5.48297896712433,5.47432207488363,5.73729785920358,0.98565648128366,22.5599999999999,0,44.9172782262794,6.9
E-AC-02s,MPCC_D_F1,2.74181757272498,3.56905162867361,2.8015512942827,4.00860194361451,0.985521949143242,80.0000000000001,0,44.4219945519276,6.9
E-AC-02s,MPCC_D_F10,2.76656486912371,3.57506693164035,2.77714046678507,3.99340520833595,0.985585255522809,80.0000000000001,0,44.1413838405342,6.9
E-AC-02s,MPCC_D_H1,2.79819941655603,3.66810401522983,2.85062452427742,4.07819366857867,0.985180147813256,80.0000000000001,0,44.5527181713896,6.9
E-AC-02s,MPCC_D_M1,3.2245997303564,4.01133932479758,3.25900054157391,4.42927374630693,0.985193476364677,80.0000000000001,0,45.181281886003,6.9
E-AC-02s,MPCC_D_R,2.7759962510072,3.55505311251513,2.82490790672288,3.96585916980665,0.985404362485872,21.5000000000001,0,43.9714481431634,6.9
E-BAT-01b,MPCC_D,5.48114381479807,5.95053891252702,5.48795930124723,6.25827939096256,0.99990815434908,80.0000000000001,0,33.8436925457186,5.1375
E-BAT-01b,MPCC_D_F1,2.74181757272498,2.99544246281076,2.79954288327217,3.66767105155113,0.999931669828465,100.0,0,33.3049318500213,5.1375
E-BAT-01b,MPCC_D_F10,2.76656486912371,3.04587051309506,2.77180923555519,3.62509890433709,0.999925890374273,80.0000000000001,0,33.062130625231,5.1375
E-BAT-01b,MPCC_D_H1,2.79819941655603,3.06810644072088,2.85468286928396,3.68823047216405,0.999960830614922,80.0000000000001,0,33.1556424336369,5.1375
E-BAT-01b,MPCC_D_M1,3.2245997303564,3.51455608538882,3.24161408101376,4.20155158732496,0.999948058657523,100.0,0,34.4889709487911,5.1375
E-BAT-01b,MPCC_D_R,2.7759962510072,2.99358559275145,2.82479422551803,3.52947224654588,0.999934055021846,80.0000000000001,0,32.7178267743459,5.1375
E-BAT-01n,MPCC_D,5.48114381479807,4.98119318285793,5.49253738557727,5.12547980778219,0.99998905166381,60.0000000000001,5,56.1877778845772,8.6875
E-BAT-01n,MPCC_D_F1,2.74181757272498,2.53191098851927,2.80875690600775,2.85567545194829,0.999994657954317,100.0,5,55.3869099732533,8.6875
E-BAT-01n,MPCC_D_F10,2.76656486912371,2.48732782543106,2.83605277009309,2.76546959690809,0.999996215564994,80.0000000000001,5,55.0682888103314,8.6875
E-BAT-01n,MPCC_D_H1,2.79819941655603,2.5444657968575,2.85241497808797,2.85291575000683,0.999999669339678,100.0,5,55.2987497696894,8.6875
E-BAT-01n,MPCC_D_M1,3.2245997303564,2.92527493319775,3.30375137387167,3.30765660581901,0.99999751244885,100.0,5,56.7971075299772,8.6875
E-BAT-01n,MPCC_D_R,2.7759962510072,2.54568938826664,2.82328372753826,2.79877090968856,0.999994523423782,100.0,5,55.081838766854,8.6875
E-BAT-02b,MPCC_D,5.48114381479807,6.75891801314158,5.47888760526533,7.51710661313819,0.999760441756129,100.86,0,23.1221369641773,3.39999377531864
E-BAT-02b,MPCC_D_F1,2.74181757272498,3.36467531176738,2.80420329846161,5.54876113870098,0.999790193346593,160.0,0,23.2838656755733,3.3999908962814
E-BAT-02b,MPCC_D_F10,2.76656486912371,3.53079023876059,2.75491543677427,4.88292615500943,0.99976264494882,140.0,0,22.5872202447693,3.39999351682329
E-BAT-02b,MPCC_D_H1,2.79819941655603,3.52464585410024,2.84702518092997,5.26228774516152,0.999849667439148,160.0,0,22.9150326889616,3.39999127405983
E-BAT-02b,MPCC_D_M1,3.2245997303564,3.97426315254556,3.24759045612591,6.82293278310344,0.99978665965272,180.0,0,24.5295152678519,3.39998642229674
E-BAT-02b,MPCC_D_R,2.7759962510072,3.37537427492447,2.81574885764318,4.4610229775987,0.999810278636973,100.0,0,22.3232487197064,3.39999803710374
E-BAT-02c,MPCC_D,5.48114381479807,480.640062058166,5.50167200184593,2126.87924633286,0.109253104516492,160.0,0,1.06484092984994,0.0
E-BAT-02c,MPCC_D_F1,2.74181757272498,481.011810090894,2.82804594259645,2124.87339476354,0.108185485158095,220.0,3,1.06907539310458,0.0
E-BAT-02c,MPCC_D_F10,2.76656486912371,480.2517279213,2.49918336556958,2131.99327958261,0.110804786369765,160.0,0,1.07122076327304,0.0
E-BAT-02c,MPCC_D_H1,2.79819941655603,480.766357464591,2.91110550444925,2127.31532834568,0.109040923884192,220.0,3,1.06795685212676,0.0
E-BAT-02c,MPCC_D_M1,3.2245997303564,481.024254001314,3.25720398769327,2128.88679584424,0.108748858292024,220.0,0,1.06854172992479,0.0
E-BAT-02c,MPCC_D_R,2.7759962510072,480.914304584049,2.83330100832028,2129.27102312671,0.110457469429118,160.0,3,1.06943604031766,0.0
E-DC-01b,MPCC_D,5.48114381479807,6.92760735461722,5.47808038905726,7.15308630217333,0.999140378462511,120.0,0,27.954940384407,4.37406041119517
E-DC-01b,MPCC_D_F1,2.74181757272498,3.70551889855979,2.80085157002968,4.10926343422619,0.999277988234552,180.0,0,27.4203914815157,4.40301741381848
E-DC-01b,MPCC_D_F10,2.76656486912371,3.69078531444936,2.79795104116382,4.11905650306408,0.999247956846063,120.0,0,27.4752783323776,4.39972757272979
E-DC-01b,MPCC_D_H1,2.79819941655603,3.91522196936015,2.84756258246023,4.30858009469161,0.999397054253049,180.0,0,27.4388435812342,4.40510972935662
E-DC-01b,MPCC_D_M1,3.2245997303564,4.25743095413583,3.27974948802174,4.63280581218693,0.999258184362173,180.0,0,28.0030505488243,4.40057893676414
E-DC-01b,MPCC_D_R,2.7759962510072,3.67540487158253,2.81297004975021,4.07777016014863,0.999293276576648,120.0,0,27.4212650602256,4.40075192276993
E-DC-01c,MPCC_D,5.48114381479807,465.028909753487,5.48475695015541,2009.99181881691,0.267317184457435,122.03,0,1.06889451416649,0.0
E-DC-01c,MPCC_D_F1,2.74181757272498,465.084685178113,2.80104304081836,2010.95332757415,0.266831828784222,200.0,0,1.06800700531805,0.0
E-DC-01c,MPCC_D_F10,2.76656486912371,464.453184764503,2.5477537434841,2010.58390080325,0.275316515283342,160.0,0,1.0646537912287,0.0
E-DC-01c,MPCC_D_H1,2.79819941655603,465.151286809625,2.87223631998865,2010.80704459646,0.267967367314054,200.0,0,1.06789266603282,0.0
E-DC-01c,MPCC_D_M1,3.2245997303564,464.956648393511,3.30293853396426,2009.31626387423,0.26692690601875,260.0,3,1.06598792330568,0.0
E-DC-01c,MPCC_D_R,2.7759962510072,465.148698860082,2.82216418579878,2010.80605301052,0.265307831951833,140.0,3,1.06887038106163,0.0
E-DC-02b,MPCC_D,5.48114381479807,4.39813466486199,5.49537612215867,6.09318193715424,0.999992901178688,160.0,2,48.8667832888684,6.9
E-DC-02b,MPCC_D_F1,2.74181757272498,2.31713361622433,2.81660284957278,5.25253905840362,0.99998726629605,220.0,2,48.4335410004947,6.9
E-DC-02b,MPCC_D_F10,2.76656486912371,2.3214666624654,2.65955433215824,4.85205744359251,0.999994602840801,180.0,2,48.092226044304,6.9
E-DC-02b,MPCC_D_H1,2.79819941655603,2.32599433351302,2.86153384364908,5.02943639649455,0.999996763288926,220.0,2,48.1185269223612,6.9
E-DC-02b,MPCC_D_M1,3.2245997303564,2.66888244963052,3.26434421667713,5.66266655311076,0.999993592946059,220.0,2,49.5686217871239,6.9
E-DC-02b,MPCC_D_R,2.7759962510072,2.32795745633241,2.82425597891404,3.96157712005653,0.999995756779229,160.0,2,47.2199363219702,6.9
E-MUL-01,MPCC_D,5.48114381479807,8.61809913191096,5.4752812812146,8.84903665548346,0.99929110548807,120.0,0,31.7142088777153,4.17687989487363
E-MUL-01,MPCC_D_F1,2.74181757272498,6.65750361454453,2.80071570607831,6.95360469782769,0.999516815462156,180.0,0,30.8843859831647,4.18822269789839
E-MUL-01,MPCC_D_F10,2.76656486912371,6.69542949412881,2.79106460125861,6.99890806501819,0.999482066401063,120.0,0,30.9904665358898,4.18523334013681
E-MUL-01,MPCC_D_H1,2.79819941655603,7.13947041876716,2.84694284578356,7.41502179717258,0.9995812225305,180.0,0,30.9573568349823,4.18109247715306
E-MUL-01,MPCC_D_M1,3.2245997303564,6.77573376626579,3.27878996347777,7.08903539950001,0.99934452304853,180.0,0,31.077128491747,4.1868844578988
E-MUL-01,MPCC_D_R,2.7759962510072,7.08047740512967,2.82486843893879,7.3536910605196,0.999461582466809,120.0,3,30.9230277973291,4.17468552222181
